one,two
4100162442,4100515987
4100162428,4100848721
4100162499,4100882962
4100164591,4101470087
4100436929,4100900435
4100368080,4101246529
4100440442,4100850819
4100460350,4101197889
4100492874,4101322346
4100515994,4101541404
4100515987,4100848866
4100532809,4100850791
4100364671,4101415262
4100537606,4100532809
4100564631,4100850833
4100564462,4101401365
4100573058,4101401460
4100635593,4101461639
4100757739,4101472214
4100850424,4101506167
4100848721,4101528121
4100850826,4100573058
4100854330,4100364671
4100937139,4100635593
4100913787,4100757739
4100935572,4100935572
4101027492,4101202867
4101134751,4101371343
4101148842,4101481843
4101153088,4101493630
4101159650,4101543017
4101161346,4101159650
4101171947,4101409808
4101202867,4101480952
4101329623,4101400308
4101371343,4101406229
4101400308,4101481956
4101401460,4100537606
4101401365,4100913787
4101405419,4101559909
4101406229,4101476152
4101409678,4100850128
4101409808,4101545247
4101411966,4100850216
4101414406,4101542341
4101415262,4100850216
4101422848,4101537849
4101427074,4101536588
4101435766,4101506449
4101438943,4101528795
0313122567,4101527103
4101444979,4100162442
4101458467,
4101461639,
4101466605,
4101466570,
4101466683,
4101467359,
4101470087,
4101472214,
4101476561,
4101480952,
4101481843,
4101481956,
4101484072,
4101486785,
4101493630,
4101506167,
4101506449,
4101515556,
4101527103,
4101528121,
4101528280,
4101528795,
4101529527,
4101533530,
4101533555,
4101533587,
4101533594,
4101537849,
4101540249,
4101541404,
4101542341,
4101543017,
4101545247,
4101549851,
4101559909,
4101562651,
4101566127,
